street_address,city,postal_code
1644 S La Cienega Blvd,Los Angeles,90035
1535 S Robertson Blvd,Los Angeles,90035
1125 S Beverly Dr Ste 710 California Eye Medical C,Los Angeles,90035
9911 W Pico Blvd Salonrepublic,Los Angeles,90035
840 S Robertson Blvd,Los Angeles,90035
9911 W Pico Blvd Ste 950,Los Angeles,90035
1759 S Sherbourne Dr,Los Angeles,90035
8588 Alcott St,Los Angeles,90035
1500 S Oakhurst Dr,Los Angeles,90035
1526 S La Cienega Blvd,Los Angeles,90035
8635 W Pico Blvd,Los Angeles,90035
1830 S Robertson Blvd,Los Angeles,90035
1833 S La Cienega Blvd Ste B,Los Angeles,90035
1177 S Beverly Dr,Los Angeles,90035
1224 Beverwil Dr,Los Angeles,90035
8803 Cashio St,Los Angeles,90035
5998 W Pico Blvd,Los Angeles,90035
8647 W Pico Blvd,Los Angeles,90035
1464 S Robertson Blvd,Los Angeles,90035
6103 Pickford St,Los Angeles,90035
5910 W Pico Blvd,Los Angeles,90035
1417 S Robertson Blvd,Los Angeles,90035
9618 W Pico Blvd Ste 508B,Los Angeles,90035
6006 W Pico Blvd,Los Angeles,90035
8916 W Pico Blvd,Los Angeles,90035
822 S Robertson Blvd,Los Angeles,90035
1647 S La Cienega Blvd,Los Angeles,90035
9544 W Pico Blvd Ste 201,Los Angeles,90035
1494 S Robertson Blvd Ste 203,Los Angeles,90035
8519 W Pico Blvd,Los Angeles,90035
8856 W Pico Blvd,Los Angeles,90035
822 S Robertson Blvd Ste 202,Los Angeles,90035
835 S Shenandoah St,Los Angeles,90035
1502 S Robertson Blvd,Los Angeles,90035
1536 S Robertson Blvd,Los Angeles,90035
8812 W Pico Blvd,Los Angeles,90035
1843 1/2 S La Cienega Blvd,Los Angeles,90035
1701 S Robertson Blvd,Los Angeles,90035
1038 S Robertson Blvd Ste 3,Los Angeles,90035
1801 S La Cienega Blvd Ste 201,Los Angeles,90035
1484 1/2 S Robertson Blvd,Los Angeles,90035
998 S Robertson Blvd Ste 205,Los Angeles,90035
1710 S Robertson Blvd,Los Angeles,90035
8755 W Olympic Blvd,Los Angeles,90035
9911 W Pico Blvd,Los Angeles,90035
9233 Airdrome St,Los Angeles,90035
1804 S La Cienega Blvd,Los Angeles,90035
1180 S Beverly Dr Ste 740,Los Angeles,90035
1708 S Robertson Blvd,Los Angeles,90035
1415 S La Cienega Blvd,Los Angeles,90035
9911 Pico Blvd Ste 200 Studio 51 Salon Republic,Los Angeles,90035
9000 W Pico Blvd,Los Angeles,90035
1611 S Robertson Blvd,Los Angeles,90035
1729 S La Cienega Blvd,Los Angeles,90035
1446 S Robertson Blvd,Los Angeles,90035
8581 W Pico Blvd,Los Angeles,90035
1164 S Robertson Blvd,Los Angeles,90035
9022 W Pico Blvd,Los Angeles,90035
9500 W Pico Blvd,Los Angeles,90035
6110 W Pico Blvd,Los Angeles,90035
9219 W Pico Blvd,Los Angeles,90035
1217 S La Cienega Blvd,Los Angeles,90035
1512 S La Cienega Blvd,Los Angeles,90035
1415 S La Cienega Blvd,Los Angeles,90035
9116 1/2 W Pico Blvd Ste 1,Los Angeles,90035
1147 S Beverly Dr Ste B,Los Angeles,90035
8965 W Pico Blvd,Los Angeles,90035
1518 S Robertson Blvd,Los Angeles,90035
6085 W Pico Blvd,Los Angeles,90035
1050 S Holt Ave,Los Angeles,90035
8615 W Pico Blvd Ste 1,Los Angeles,90035
9303 W Pico Blvd,Los Angeles,90035
9616 W Pico Blvd,Los Angeles,90035
5996 W Pico Blvd,Los Angeles,90035
9911 W Pico Blvd Ste B 201,Los Angeles,90035
1125 S Beverly Dr Ste 500,Los Angeles,90035
9301 W Pico Blvd,Los Angeles,90035
9051 W Pico Blvd,Los Angeles,90035
1621 S Sherbourne Dr,Los Angeles,90035
1439 S Robertson Blvd,Los Angeles,90035
1700 S Robertson Blvd,Los Angeles,90035
9786 W Pico Blvd,Los Angeles,90035
6118 W Pico Blvd,Los Angeles,90035
9618 W Pico Blvd,Los Angeles,90035
9060 W Pico Blvd,Los Angeles,90035
1551 S La Cienega Blvd,Los Angeles,90035
1100 S La Cienega Blvd,Los Angeles,90035
1600 S Robertson Blvd,Los Angeles,90035
6091 W Pico Blvd,Los Angeles,90035
1638 S La Cienega Blvd,Los Angeles,90035
9164 W Pico Blvd,Los Angeles,90035
1830 S Robertson Blvd,Los Angeles,90035
1143 S Beverly Dr,Los Angeles,90035
9701 W Pico Blvd Ste 100,Los Angeles,90035
9516 W Pico Blvd,Los Angeles,90035
1449 S La Cienega Blvd,Los Angeles,90035
1445 S Robertson Blvd,Los Angeles,90035
8918 W Pico Blvd Ste 8,Los Angeles,90035
8701 W Olympic Blvd,Los Angeles,90035
9162 W Pico Blvd,Los Angeles,90035
1837 S La Cienega Blvd,Los Angeles,90035
1789 S La Cienega Blvd,Los Angeles,90035
1606 S La Cienega Blvd,Los Angeles,90035
9760 W Pico Blvd,Los Angeles,90035
1140 S Robertson Blvd Ste 1,Los Angeles,90035
1501 S Robertson Blvd,Los Angeles,90035
5985 W Pico Blvd,Los Angeles,90035
822 S Robertson Blvd Ste 100,Los Angeles,90035
1458 S Robertson Blvd,Los Angeles,90035
1270 S Alfred St,Los Angeles,90035
1016 S Robertson Blvd New Wave Health Care Center,Los Angeles,90035
9448 W Pico Blvd,Los Angeles,90035
864 S Robertson Blvd Ste 211,Los Angeles,90035
1652 S La Cienega Blvd,Los Angeles,90035
912 S Robertson Blvd,Los Angeles,90035
9542 W Pico Blvd,Los Angeles,90035
1534 S La Cienega Blvd,Los Angeles,90035
1150 S Elm Dr,Los Angeles,90035
1115 S Robertson Blvd,Los Angeles,90035
9769 W Pico Blvd,Los Angeles,90035
1399 Roxbury Dr,Los Angeles,90035
5910 W Pico Blvd,Los Angeles,90035
812 S Robertson Blvd,Los Angeles,90035
930 S Robertson Blvd,Los Angeles,90035
1804 S La Cienega Blvd Unit 101,Los Angeles,90035
1180 S Beverly Dr Ste 612,Los Angeles,90035
9555 Sawyer St,Los Angeles,90035
9150 W Pico Blvd,Los Angeles,90035
1129 S Robertson Blvd,Los Angeles,90035
1653 S Robertson Blvd,Los Angeles,90035
8556 W Pico Blvd,Los Angeles,90035
8500 W Olympic Blvd,Los Angeles,90035
1017 Stearns Dr,Los Angeles,90035
1833 S La Cienega Blvd,Los Angeles,90035
5962 W Pico Blvd,Los Angeles,90035
1080 S La Cienega Blvd,Los Angeles,90035
8781 W Pico Blvd,Los Angeles,90035
1773 S Holt Ave,Los Angeles,90035
Sawyer Street,Los Angeles,90035
1135 S Beverly Dr Ste A,Los Angeles,90035
1801 S La Cienega Blvd,Los Angeles,90035
1211 S La Cienega Blvd,Los Angeles,90035
465 S La Cienega Blvd Sls Hotel,Los Angeles,90035
9701 Oakmore Rd,Los Angeles,90035
9911 W Pico Blvd,Los Angeles,90035
1749 S La Cienega Blvd,Los Angeles,90035
1546 S Bedford St,Los Angeles,90035
822 S Robertson Blvd Ste 102,Los Angeles,90035
1080 S La Cienega Blvd,Los Angeles,90035
1155 S Beverly Dr,Los Angeles,90035
9017 Cashio St,Los Angeles,90035
